event_id,event_type,severity,duration_minutes,peak_hr,baseline_hr,hr_increase_pct,peak_score,llm_explanation
EVT_001,Transient HR Anomaly,Medium,5,57,62.45436507936508,-8.733360866664555,0.016776721257324323,"A transient heart rate anomaly occurred, lasting 5 minutes. Your heart rate was 57 bpm, 8.7% lower than your baseline of 62.5 bpm. This is unusual because your heart rate decreased instead of increasing. Possible explanations include relaxation, sleep, or a calm state. The significance is that it's a notable deviation from your normal heart rate pattern. It may indicate a period of reduced physical or mental stress. Further analysis is needed to understand the cause."
EVT_002,Transient HR Anomaly,Medium,5,57,62.45436507936508,-8.733360866664555,0.01727862988725315,"A transient heart rate anomaly occurred, lasting 5 minutes. Your heart rate dropped to 57 bpm, 8.7% below your baseline of 62.5 bpm. This is unusual because your heart rate decreased instead of increasing. Possible explanations include relaxation, sleep, or a calm state. The significance is that this event may indicate a change in your physical or emotional state. It's essential to consider lifestyle factors that may have contributed to this anomaly."
EVT_003,Transient HR Anomaly,Medium,5,67,62.45436507936508,7.278330209359209,0.014414811898862956,"A transient heart rate anomaly occurred, lasting 5 minutes. Your heart rate peaked at 67.0 bpm, 7.3% above your baseline of 62.5 bpm. This is unusual because your heart rate increased and stayed elevated for a short period. Possible explanations include physical activity, stress, or environmental factors. The significance is that this anomaly may indicate a response to a physical or emotional stimulus. It's essential to consider lifestyle factors that may have contributed to this event."
EVT_004,Transient HR Anomaly,Medium,15,57,62.45436507936508,-8.733360866664555,0.046401885679658306,"A transient heart rate anomaly occurred, lasting 15 minutes. Your heart rate dropped to 56.0 bpm, 8.7% below your baseline of 62.5 bpm. This is unusual because your heart rate decreased, whereas most anomalies involve increases. Possible explanations include relaxation, sleep, or a calm state. The significance of this event is that it may indicate a period of reduced physical or mental stress. It's essential to consider this event in the context of your overall activity and well-being."
EVT_005,Transient HR Anomaly,Medium,30,67,62.45436507936508,7.278330209359209,0.052457276920674256,"A 30-minute anomaly in heart rate (HR) was detected. Your HR increased by 7.3% above its normal level, peaking at 67 bpm. This is unusual because your typical HR is 62.5 bpm. Possible reasons include physical activity, stress, or environmental factors. The increase may be due to your body responding to a stimulus, such as exercise or a change in surroundings. The significance of this event is that it indicates a temporary deviation from your normal heart rate pattern. It's essential to consider lifestyle factors that may have contributed to this anomaly."
EVT_006,Transient HR Anomaly,Medium,10,68,62.45436507936508,8.879499316961585,0.012559508004861275,"A transient heart rate anomaly occurred, lasting 10 minutes. Your heart rate peaked at 68.0 bpm, 8.9% above your baseline of 62.5 bpm. This is unusual because your heart rate increased and stayed elevated for a short period. Possible explanations include physical activity, stress, or emotional responses. The significance is that this anomaly may indicate a response to a physical or emotional stimulus. It's essential to consider lifestyle factors that may have contributed to this event. Monitoring and tracking such events can help identify patterns and correlations with daily activities."
EVT_007,Transient HR Anomaly,Medium,10,53,62.45436507936508,-15.138037297074058,0.028549559737402808,"A transient heart rate anomaly occurred, lasting 10 minutes. Your heart rate dropped to 52.5 bpm, 15.1% below your baseline of 62.5 bpm. This is unusual because your heart rate decreased instead of increasing. Possible explanations include relaxation, sleep, or a calm state. The significance is that this event may indicate a change in your physical or emotional state. It's essential to consider lifestyle factors that may have contributed to this anomaly."
EVT_008,Transient HR Anomaly,Medium,40,69,62.45436507936508,10.480668424563962,0.043555903925830086,"Your heart rate increased by 10.5% above its normal level for 40 minutes. 
This is unusual because your typical heart rate is 62.5 bpm, but it rose to 66.9 bpm.
Possible reasons include physical activity, stress, or environmental factors.
This event is significant as it indicates a deviation from your normal heart rate pattern.
It may be worth considering what you were doing during this time to understand the cause of the increase."
EVT_009,Elevated HR Episode,Critical,155,85,62.45436507936508,36.09937414620198,0.13343551842603618,"An Elevated HR Episode (EVT_009) occurred, lasting 155 minutes. Your heart rate (HR) increased to a peak of 85.0 bpm, with a mean of 81.0 bpm. This is unusual because it's 36.1% above your baseline HR of 62.5 bpm. Possible reasons include intense physical activity, stress, or environmental factors. The significance of this event is that it indicates a sustained increase in physiological exertion. It may be worth reviewing your activities during this time to understand what might have caused the increase. This information can help you better understand your body's responses and make informed decisions about your well-being."
EVT_010,Persistent HR Elevation,High,130,73,62.45436507936508,16.885344854973468,0.11291534231002698,"Your heart rate was higher than usual for 130 minutes. It peaked at 73 bpm, which is 16.9% above your normal rate. This is unusual because your heart rate typically stays around 62.5 bpm. Possible reasons include physical activity, stress, or environmental factors. The significance of this event is that it may indicate a change in your physical or emotional state. It's essential to consider what you were doing during this time to understand what might have caused the increase. This information can help you make informed decisions about your daily activities and overall well-being."
EVT_011,Transient HR Anomaly,Medium,5,51,62.45436507936508,-18.34037551227881,0.0008882438830291051,"A transient heart rate anomaly occurred, lasting 5 minutes. Your heart rate dropped to 51 bpm, 18% below your baseline of 62.5 bpm. This is unusual because your heart rate decreased instead of increasing. Possible explanations include relaxation, sleep, or meditation. The significance is that this event may indicate a change in your physical or mental state. It's essential to consider lifestyle factors that may have contributed to this anomaly."
EVT_012,Transient HR Anomaly,Medium,5,50,62.45436507936508,-19.94154461988119,0.0066700268395490925,"A Transient HR Anomaly occurred, where your heart rate (HR) was lower than usual for 5 minutes. Your HR was 50.0 bpm, which is 19.9% below your baseline of 62.5 bpm. This is unusual because your HR was consistently lower than expected. Possible reasons include relaxation, sleep, or a calm state. The significance of this event is that it may indicate a change in your physical or emotional state. It's essential to consider this event in the context of your overall activity and well-being. Further analysis is needed to understand the cause of this anomaly."
EVT_013,Transient HR Anomaly,Medium,5,51,62.45436507936508,-18.34037551227881,0.009338049652537483,"A Transient HR Anomaly (EVT_013) occurred, where your heart rate (HR) was lower than usual for 5 minutes. Your peak and mean HR were 51.0 bpm, which is 18.3% below your baseline HR of 62.5 bpm. This is unusual because your HR dropped below its normal range. Possible reasons include relaxation, sleep, or a calm state. This event is significant as it indicates a deviation from your typical HR pattern. It may be worth noting this event to see if it happens again or if there are any patterns."
EVT_014,Transient HR Anomaly,Medium,5,52,62.45436507936508,-16.739206404676434,0.0007362003755920776,"A transient heart rate anomaly occurred, lasting 5 minutes. Your heart rate dropped to 52 bpm, 16.7% below your baseline of 62.5 bpm. This is unusual because your heart rate decreased instead of increasing. Possible explanations include relaxation, sleep, or a calm state. The significance is that this event may indicate a change in your physical or emotional state. It's essential to consider lifestyle factors that could have contributed to this anomaly."
EVT_015,Transient HR Anomaly,Medium,25,67,62.45436507936508,7.278330209359209,0.03987001774701593,"A transient heart rate anomaly occurred, lasting 25 minutes. Your heart rate increased by 7.3% above its normal baseline. 
This is unusual because your heart rate typically stays within a stable range. 
Possible explanations include physical activity, stress, or environmental factors. 
This event is significant as it indicates a temporary change in your physiological state. 
It may be worth noting the circumstances surrounding the event to better understand the cause."
EVT_016,Transient HR Anomaly,Medium,5,69,62.45436507936508,10.480668424563962,0.009966576633416713,"A transient heart rate anomaly occurred, lasting 5 minutes. Your heart rate peaked at 69 bpm, 10.5% above your baseline of 62.5 bpm. This is unusual because your heart rate increased and stayed elevated for a short period. Possible reasons include physical activity, stress, or emotional changes. This event is significant as it indicates a temporary deviation from your normal heart rate pattern. It may be related to various physiological responses, but further context is needed to understand the cause. This anomaly is categorized as medium severity, suggesting it's worth noting but not immediately concerning."
EVT_017,Transient HR Anomaly,Medium,10,61,62.45436507936508,-2.3286844362550485,0.025262614940236183,"A transient heart rate anomaly occurred, lasting 10 minutes. Your heart rate was slightly lower than usual, with a peak of 61 bpm. This is unusual because your baseline heart rate is normally 62.5 bpm. Possible reasons include relaxation, sleep, or a calm state. The decrease in heart rate may indicate a brief period of reduced physical or mental stress. The significance of this event is that it shows a variation in your normal heart rate pattern, which can be useful for understanding your overall physiological state. It's a minor deviation, classified as medium severity."
EVT_018,Transient HR Anomaly,Medium,35,58,62.45436507936508,-7.132191759062177,0.05632828263789447,"A Transient HR Anomaly (EVT_018) occurred, where your heart rate was lower than usual for 35 minutes. Your average heart rate was 56.1 bpm, which is 7.1% below your normal rate of 62.5 bpm. This is unusual because your heart rate typically stays within a certain range. Possible reasons include relaxation, sleep, or a calm state. The significance of this event is that it may indicate a period of reduced physical or mental stress. It's essential to consider this event in the context of your overall activity and well-being."
EVT_019,Transient HR Anomaly,Medium,5,68,62.45436507936508,8.879499316961585,0.0023158709232846686,"A transient heart rate anomaly occurred, lasting 5 minutes. Your heart rate peaked at 68.0 bpm, 8.9% above your baseline of 62.5 bpm. This is unusual because your heart rate increased and stayed elevated for a short period. Possible reasons include physical activity, stress, or emotional responses. The significance is that this anomaly may indicate a response to a physical or emotional stimulus. It's essential to consider your activities and feelings during this time to understand what might have caused the increase. This information can help you better understand your body's responses."
